Product_ID,Product_Name,Category,Subcategory,Brand,MRP,Unit_Cost,Status
PR0001,StyleHub Shirts 1,Men,Shirts,StyleHub,399,239.67,Active
PR0002,NovaWear Shirts 2,Men,Shirts,NovaWear,499,232.29,Active
PR0003,TrendCo Shirts 3,Men,Shirts,TrendCo,599,311.78,Active
PR0004,Everyday Shirts 4,Men,Shirts,Everyday,699,355.87,Active
PR0005,PrimeFit T-Shirts 1,Men,T-Shirts,PrimeFit,799,497.0,Active
PR0006,UrbanEdge T-Shirts 2,Men,T-Shirts,UrbanEdge,899,547.38,Active
PR0007,StyleHub T-Shirts 3,Men,T-Shirts,StyleHub,999,655.62,Active
PR0008,NovaWear T-Shirts 4,Men,T-Shirts,NovaWear,1099,526.56,Active
PR0009,TrendCo Jeans 1,Men,Jeans,TrendCo,1199,662.83,Active
PR0010,Everyday Jeans 2,Men,Jeans,Everyday,1299,606.06,Active
PR0011,PrimeFit Jeans 3,Men,Jeans,PrimeFit,1399,710.83,Active
PR0012,UrbanEdge Jeans 4,Men,Jeans,UrbanEdge,1499,856.2,Active
PR0013,StyleHub Kurtis 1,Women,Kurtis,StyleHub,1599,744.87,Active
PR0014,NovaWear Kurtis 2,Women,Kurtis,NovaWear,299,150.62,Active
PR0015,TrendCo Kurtis 3,Women,Kurtis,TrendCo,399,240.59,Active
PR0016,Everyday Kurtis 4,Women,Kurtis,Everyday,499,289.36,Active
PR0017,PrimeFit Tops 1,Women,Tops,PrimeFit,599,304.59,Active
PR0018,UrbanEdge Tops 2,Women,Tops,UrbanEdge,699,412.16,Active
PR0019,StyleHub Tops 3,Women,Tops,StyleHub,799,509.82,Discontinued
PR0020,NovaWear Tops 4,Women,Tops,NovaWear,899,414.83,Active
PR0021,TrendCo Dresses 1,Women,Dresses,TrendCo,999,636.64,Active
PR0022,Everyday Dresses 2,Women,Dresses,Everyday,1099,674.34,Active
PR0023,PrimeFit Dresses 3,Women,Dresses,PrimeFit,1199,641.29,Active
PR0024,UrbanEdge Dresses 4,Women,Dresses,UrbanEdge,1299,641.97,Active
PR0025,StyleHub T-Shirts 1,Kids,T-Shirts,StyleHub,1399,938.15,Active
PR0026,NovaWear T-Shirts 2,Kids,T-Shirts,NovaWear,1499,800.54,Active
PR0027,TrendCo T-Shirts 3,Kids,T-Shirts,TrendCo,1599,768.17,Active
PR0028,Everyday T-Shirts 4,Kids,T-Shirts,Everyday,299,143.9,Active
PR0029,PrimeFit Jeans 1,Kids,Jeans,PrimeFit,399,257.93,Active
PR0030,UrbanEdge Jeans 2,Kids,Jeans,UrbanEdge,499,295.82,Active
PR0031,StyleHub Jeans 3,Kids,Jeans,StyleHub,599,381.9,Active
PR0032,NovaWear Jeans 4,Kids,Jeans,NovaWear,699,433.76,Active
PR0033,TrendCo Sets 1,Kids,Sets,TrendCo,799,461.8,Active
PR0034,Everyday Sets 2,Kids,Sets,Everyday,899,606.0,Active
PR0035,PrimeFit Sets 3,Kids,Sets,PrimeFit,999,542.73,Active
PR0036,UrbanEdge Sets 4,Kids,Sets,UrbanEdge,1099,639.01,Active
PR0037,StyleHub Casual 1,Footwear,Casual,StyleHub,1199,770.32,Active
PR0038,NovaWear Casual 2,Footwear,Casual,NovaWear,1299,774.3,Discontinued
PR0039,TrendCo Casual 3,Footwear,Casual,TrendCo,1399,908.76,Active
PR0040,Everyday Casual 4,Footwear,Casual,Everyday,1499,879.94,Active
PR0041,PrimeFit Sports 1,Footwear,Sports,PrimeFit,1599,983.39,Active
PR0042,UrbanEdge Sports 2,Footwear,Sports,UrbanEdge,299,140.55,Active
PR0043,StyleHub Sports 3,Footwear,Sports,StyleHub,399,203.54,Active
PR0044,NovaWear Sports 4,Footwear,Sports,NovaWear,499,261.31,Active
PR0045,TrendCo Sandals 1,Footwear,Sandals,TrendCo,599,286.05,Active
PR0046,Everyday Sandals 2,Footwear,Sandals,Everyday,699,357.34,Active
PR0047,PrimeFit Sandals 3,Footwear,Sandals,PrimeFit,799,385.29,Active
PR0048,UrbanEdge Sandals 4,Footwear,Sandals,UrbanEdge,899,468.52,Active
PR0049,StyleHub Bags 1,Accessories,Bags,StyleHub,999,599.25,Active
PR0050,NovaWear Bags 2,Accessories,Bags,NovaWear,1099,593.75,Active
PR0051,TrendCo Bags 3,Accessories,Bags,TrendCo,1199,649.19,Active
PR0052,Everyday Bags 4,Accessories,Bags,Everyday,1299,657.41,Active
PR0053,PrimeFit Belts 1,Accessories,Belts,PrimeFit,1399,725.71,Active
PR0054,UrbanEdge Belts 2,Accessories,Belts,UrbanEdge,1499,998.43,Active
PR0055,StyleHub Belts 3,Accessories,Belts,StyleHub,1599,963.51,Active
PR0056,NovaWear Belts 4,Accessories,Belts,NovaWear,299,177.61,Active
PR0057,TrendCo Wallets 1,Accessories,Wallets,TrendCo,399,198.56,Discontinued
PR0058,Everyday Wallets 2,Accessories,Wallets,Everyday,499,309.58,Active
PR0059,PrimeFit Wallets 3,Accessories,Wallets,PrimeFit,599,297.07,Active
PR0060,UrbanEdge Wallets 4,Accessories,Wallets,UrbanEdge,699,379.89,Active
