Return_ID,Transaction_ID,Return_Date,Return_Qty,Return_Amount,Return_Reason
RT000001,TX0011901,2025-06-17,1,879.2,Size Issue
RT000002,TX0007960,2024-08-19,1,1359.15,Wrong Item
RT000003,TX0002403,2024-07-31,1,1439.1,Defective
RT000004,TX0006299,2024-06-08,1,594.15,Size Issue
RT000005,TX0011748,2024-06-04,1,479.2,Changed Mind
RT000006,TX0007206,2025-04-05,1,949.05,Changed Mind
RT000007,TX0012541,2025-02-16,1,284.05,Quality Issue
RT000008,TX0008722,2024-04-23,1,799.0,Changed Mind
RT000009,TX0008604,2024-03-13,1,319.2,Changed Mind
RT000010,TX0008119,2024-12-12,1,1359.15,Defective
RT000011,TX0013868,2024-11-16,1,934.15,Size Issue
RT000012,TX0000532,2025-12-13,1,254.15,Quality Issue
RT000013,TX0006694,2025-11-27,1,239.4,Size Issue
RT000014,TX0012598,2025-02-05,1,299.25,Quality Issue
RT000015,TX0013218,2025-10-15,1,1299.0,Changed Mind
RT000016,TX0013943,2025-09-24,1,989.1,Changed Mind
RT000017,TX0012742,2024-03-09,1,479.2,Quality Issue
RT000018,TX0007450,2024-07-21,1,1499.0,Quality Issue
RT000019,TX0012965,2025-07-03,1,1189.15,Size Issue
RT000020,TX0000952,2025-02-25,1,419.3,Size Issue
RT000021,TX0012633,2025-06-02,1,594.15,Quality Issue
RT000022,TX0008051,2024-11-02,1,359.1,Size Issue
RT000023,TX0000059,2025-02-17,1,359.1,Changed Mind
RT000024,TX0003755,2024-05-15,1,269.1,Size Issue
RT000025,TX0012867,2024-01-27,1,1599.0,Size Issue
RT000026,TX0012198,2024-06-29,1,1259.1,Changed Mind
RT000027,TX0010086,2025-06-01,1,664.05,Changed Mind
RT000028,TX0003808,2025-04-18,1,419.3,Changed Mind
RT000029,TX0000849,2024-01-23,1,284.05,Size Issue
RT000030,TX0007023,2025-08-22,1,359.1,Size Issue
RT000031,TX0011678,2024-02-28,1,299.0,Changed Mind
RT000032,TX0007024,2024-10-01,1,909.3,Changed Mind
RT000033,TX0002557,2025-12-15,1,959.2,Changed Mind
RT000034,TX0012212,2025-05-20,1,979.3,Size Issue
RT000035,TX0011547,2025-10-14,1,474.05,Defective
RT000036,TX0007478,2024-04-11,1,1424.05,Changed Mind
RT000037,TX0004263,2024-07-14,1,499.0,Changed Mind
RT000038,TX0014634,2024-12-09,1,489.3,Changed Mind
RT000039,TX0010275,2024-03-23,1,599.25,Wrong Item
RT000040,TX0008105,2025-10-29,1,899.25,Size Issue
RT000041,TX0006808,2025-08-21,1,299.0,Size Issue
RT000042,TX0008534,2025-05-01,1,599.0,Size Issue
RT000043,TX0005751,2024-09-12,1,1299.0,Changed Mind
RT000044,TX0012975,2024-12-04,1,509.15,Quality Issue
RT000045,TX0007826,2025-10-19,1,499.0,Size Issue
RT000046,TX0004807,2025-02-02,1,909.3,Defective
RT000047,TX0001370,2024-06-22,1,474.05,Size Issue
RT000048,TX0010571,2025-11-18,1,559.3,Changed Mind
RT000049,TX0001916,2025-08-18,1,319.2,Size Issue
RT000050,TX0014285,2024-01-30,1,1299.0,Quality Issue
RT000051,TX0011554,2024-09-30,1,989.1,Wrong Item
RT000052,TX0000381,2025-04-30,1,719.4,Defective
RT000053,TX0011855,2025-09-12,1,1104.15,Quality Issue
RT000054,TX0012485,2025-02-09,1,799.0,Quality Issue
RT000055,TX0013837,2024-06-19,1,499.0,Wrong Item
RT000056,TX0002615,2025-08-08,1,1099.0,Size Issue
RT000057,TX0012688,2026-01-02,1,419.3,Size Issue
RT000058,TX0000490,2025-01-06,1,1019.15,Size Issue
RT000059,TX0009094,2024-06-14,1,474.05,Size Issue
RT000060,TX0006289,2024-06-15,1,1079.1,Quality Issue
RT000061,TX0001392,2025-03-24,1,279.3,Changed Mind
RT000062,TX0003338,2024-06-26,1,254.15,Wrong Item
RT000063,TX0013165,2024-07-18,1,899.0,Quality Issue
RT000064,TX0013413,2024-10-25,1,479.2,Changed Mind
RT000065,TX0008620,2024-12-25,1,449.25,Defective
RT000066,TX0003903,2024-02-03,1,639.2,Quality Issue
RT000067,TX0003426,2025-10-27,1,1424.05,Size Issue
RT000068,TX0004017,2025-07-04,1,1199.2,Size Issue
RT000069,TX0009361,2025-12-17,1,279.3,Quality Issue
RT000070,TX0005316,2024-03-12,1,1259.1,Quality Issue
RT000071,TX0007224,2025-05-30,1,1599.0,Defective
RT000072,TX0010864,2025-09-04,1,1274.15,Changed Mind
RT000073,TX0008590,2025-06-01,1,1499.0,Size Issue
RT000074,TX0013074,2024-06-21,1,989.1,Changed Mind
RT000075,TX0002866,2024-08-08,1,379.05,Size Issue
RT000076,TX0006126,2025-11-06,1,974.25,Defective
RT000077,TX0000553,2024-12-01,1,269.1,Quality Issue
RT000078,TX0003360,2024-04-10,1,1119.2,Size Issue
RT000079,TX0000989,2025-07-24,1,1104.15,Defective
RT000080,TX0003105,2025-12-21,1,879.2,Size Issue
RT000081,TX0010288,2025-11-18,1,629.3,Wrong Item
RT000082,TX0011988,2024-06-04,1,639.2,Wrong Item
RT000083,TX0003802,2024-12-02,1,399.0,Quality Issue
RT000084,TX0007414,2025-05-28,1,539.1,Quality Issue
RT000085,TX0013961,2025-03-19,1,1259.1,Wrong Item
RT000086,TX0002649,2024-06-23,1,424.15,Size Issue
RT000087,TX0014437,2024-07-06,1,719.4,Quality Issue
RT000088,TX0006030,2025-04-03,1,1039.2,Changed Mind
RT000089,TX0007998,2025-12-02,1,1399.0,Wrong Item
RT000090,TX0009187,2024-08-04,1,639.2,Changed Mind
RT000091,TX0011908,2025-02-07,1,1119.3,Changed Mind
RT000092,TX0014216,2024-09-01,1,239.2,Size Issue
RT000093,TX0004833,2024-07-14,1,359.1,Size Issue
RT000094,TX0000499,2024-03-30,1,1259.1,Changed Mind
RT000095,TX0009424,2025-07-18,1,179.4,Defective
RT000096,TX0000274,2025-01-12,1,959.2,Changed Mind
RT000097,TX0002353,2024-07-20,1,284.05,Size Issue
RT000098,TX0006410,2024-06-30,1,719.1,Changed Mind
RT000099,TX0003679,2025-10-03,1,949.05,Changed Mind
RT000100,TX0008968,2025-04-04,1,1044.05,Quality Issue
RT000101,TX0010397,2024-01-28,1,1439.1,Quality Issue
RT000102,TX0000251,2024-03-19,1,474.05,Quality Issue
RT000103,TX0000114,2025-12-22,1,524.25,Size Issue
RT000104,TX0001990,2024-05-29,1,1279.2,Size Issue
RT000105,TX0011033,2024-04-07,1,524.25,Changed Mind
RT000106,TX0010713,2024-06-18,1,699.0,Changed Mind
RT000107,TX0001407,2025-08-19,1,849.15,Changed Mind
RT000108,TX0003884,2024-12-21,1,839.4,Changed Mind
RT000109,TX0007904,2025-10-31,1,209.3,Size Issue
RT000110,TX0000906,2025-04-11,1,424.15,Quality Issue
RT000111,TX0009176,2025-05-03,1,284.05,Defective
RT000112,TX0000660,2025-09-16,1,1099.0,Size Issue
RT000113,TX0008040,2024-06-14,1,599.0,Changed Mind
RT000114,TX0014813,2024-03-04,1,569.05,Changed Mind
RT000115,TX0012846,2024-08-07,1,809.1,Size Issue
RT000116,TX0009451,2025-06-27,1,339.15,Changed Mind
RT000117,TX0010359,2025-12-23,1,769.3,Quality Issue
RT000118,TX0012836,2024-10-29,1,989.1,Changed Mind
RT000119,TX0008499,2025-04-14,1,424.15,Quality Issue
RT000120,TX0001161,2025-12-23,1,719.2,Size Issue
RT000121,TX0009406,2024-05-08,1,1274.15,Changed Mind
RT000122,TX0010613,2025-08-24,1,1259.1,Size Issue
RT000123,TX0014993,2025-04-01,1,934.15,Wrong Item
RT000124,TX0013724,2025-11-21,1,934.15,Quality Issue
RT000125,TX0000360,2025-05-10,1,1044.05,Size Issue
RT000126,TX0012362,2025-01-16,1,1499.0,Size Issue
RT000127,TX0010319,2024-02-29,1,449.25,Size Issue
RT000128,TX0014949,2025-11-29,1,319.2,Size Issue
RT000129,TX0000914,2024-06-01,1,1439.1,Quality Issue
RT000130,TX0001865,2024-04-14,1,1299.0,Size Issue
RT000131,TX0004829,2025-01-09,1,1299.0,Wrong Item
RT000132,TX0002478,2024-06-12,1,1199.2,Wrong Item
RT000133,TX0004504,2024-05-19,1,449.25,Size Issue
RT000134,TX0014206,2024-03-08,1,1424.05,Changed Mind
RT000135,TX0004067,2024-06-18,1,224.25,Wrong Item
RT000136,TX0001519,2024-06-18,1,1279.2,Changed Mind
RT000137,TX0006897,2025-09-01,1,1104.15,Size Issue
RT000138,TX0003644,2024-10-10,1,509.15,Defective
RT000139,TX0004326,2025-12-12,1,1189.15,Quality Issue
RT000140,TX0000803,2024-12-05,1,974.25,Size Issue
RT000141,TX0009168,2025-11-20,1,639.2,Size Issue
RT000142,TX0009296,2024-02-22,1,949.05,Quality Issue
RT000143,TX0014745,2024-05-28,1,719.1,Size Issue
RT000144,TX0014539,2025-01-28,1,1299.0,Quality Issue
RT000145,TX0012281,2025-03-22,1,854.05,Changed Mind
RT000146,TX0001910,2024-09-21,1,934.15,Changed Mind
RT000147,TX0010166,2024-08-24,1,629.1,Size Issue
RT000148,TX0013301,2025-09-15,1,934.15,Changed Mind
RT000149,TX0007870,2024-02-11,1,949.05,Changed Mind
RT000150,TX0004302,2025-11-14,1,699.0,Changed Mind
RT000151,TX0005306,2024-04-08,1,339.15,Defective
RT000152,TX0010158,2024-11-19,1,1199.2,Changed Mind
RT000153,TX0014250,2024-12-02,1,979.3,Defective
RT000154,TX0011898,2025-08-10,1,1199.0,Size Issue
RT000155,TX0014673,2024-08-26,1,284.05,Changed Mind
RT000156,TX0001961,2025-09-26,1,279.3,Changed Mind
RT000157,TX0008276,2025-01-22,1,1279.2,Size Issue
RT000158,TX0005942,2024-10-29,1,1424.05,Size Issue
RT000159,TX0007669,2025-05-25,1,479.2,Quality Issue
RT000160,TX0010277,2025-09-09,1,899.25,Defective
RT000161,TX0004579,2024-09-08,1,824.25,Defective
RT000162,TX0010441,2024-02-11,1,764.15,Size Issue
RT000163,TX0005020,2024-05-20,1,524.25,Size Issue
RT000164,TX0014050,2024-04-29,1,1299.0,Size Issue
RT000165,TX0008607,2025-10-31,1,974.25,Changed Mind
RT000166,TX0002063,2025-12-23,1,824.25,Changed Mind
RT000167,TX0014905,2024-12-01,1,1199.25,Quality Issue
RT000168,TX0013253,2025-11-16,1,524.25,Size Issue
RT000169,TX0001471,2025-05-02,1,499.0,Changed Mind
RT000170,TX0004126,2025-06-19,1,1079.1,Wrong Item
RT000171,TX0007891,2025-05-02,1,1199.25,Size Issue
RT000172,TX0004416,2025-04-10,1,254.15,Quality Issue
RT000173,TX0011824,2024-08-17,1,1399.0,Size Issue
RT000174,TX0012834,2024-08-14,1,1499.0,Size Issue
RT000175,TX0013042,2025-01-24,1,629.1,Size Issue
RT000176,TX0011792,2025-03-01,1,1439.1,Size Issue
RT000177,TX0008234,2025-09-10,1,759.05,Size Issue
RT000178,TX0004274,2025-03-27,1,799.2,Quality Issue
RT000179,TX0001318,2024-10-27,1,319.2,Size Issue
RT000180,TX0002138,2025-03-20,1,539.1,Defective
RT000181,TX0003309,2025-06-16,1,179.55,Defective
RT000182,TX0008427,2025-10-11,1,559.2,Changed Mind
RT000183,TX0000278,2025-07-14,1,399.2,Changed Mind
RT000184,TX0004510,2024-07-27,1,1049.25,Changed Mind
RT000185,TX0014466,2025-05-04,1,1139.05,Size Issue
RT000186,TX0002981,2025-01-09,1,424.15,Size Issue
RT000187,TX0012050,2025-08-31,1,1119.2,Size Issue
RT000188,TX0007342,2025-01-14,1,1274.15,Changed Mind
RT000189,TX0002741,2024-06-09,1,299.4,Changed Mind
RT000190,TX0000818,2024-05-06,1,639.2,Changed Mind
RT000191,TX0005128,2025-05-05,1,1234.05,Quality Issue
RT000192,TX0000186,2025-12-04,1,539.1,Defective
RT000193,TX0011032,2024-01-31,1,899.0,Changed Mind
RT000194,TX0011873,2024-12-18,1,209.3,Defective
RT000195,TX0010217,2024-04-07,1,1139.05,Defective
RT000196,TX0013214,2025-04-30,1,1199.25,Changed Mind
RT000197,TX0001256,2024-06-23,1,559.3,Wrong Item
RT000198,TX0010413,2024-07-10,1,399.0,Changed Mind
RT000199,TX0004540,2025-04-14,1,1044.05,Defective
RT000200,TX0014501,2025-12-11,1,539.4,Defective
RT000201,TX0002290,2024-12-16,1,319.2,Defective
RT000202,TX0002220,2024-10-08,1,424.15,Size Issue
RT000203,TX0003703,2025-08-27,1,299.0,Wrong Item
RT000204,TX0006946,2025-12-07,1,424.15,Size Issue
RT000205,TX0014994,2024-07-07,1,699.3,Quality Issue
RT000206,TX0001693,2025-06-30,1,699.0,Size Issue
RT000207,TX0006172,2025-01-11,1,1599.0,Changed Mind
RT000208,TX0014783,2025-03-25,1,1119.3,Changed Mind
RT000209,TX0014132,2025-09-27,1,659.4,Size Issue
RT000210,TX0003564,2024-03-29,1,594.15,Changed Mind
RT000211,TX0006968,2025-01-23,1,599.0,Size Issue
RT000212,TX0004586,2024-07-22,1,1119.3,Defective
RT000213,TX0012842,2024-12-10,1,909.3,Changed Mind
RT000214,TX0004033,2024-02-05,1,674.25,Quality Issue
RT000215,TX0005322,2024-07-28,1,479.2,Changed Mind
RT000216,TX0001884,2024-09-27,1,569.05,Changed Mind
RT000217,TX0006081,2025-05-03,1,224.25,Changed Mind
RT000218,TX0004021,2025-06-01,1,1279.2,Size Issue
RT000219,TX0006901,2025-10-29,1,599.0,Quality Issue
RT000220,TX0010857,2024-09-18,1,284.05,Size Issue
RT000221,TX0011845,2025-06-15,1,979.3,Changed Mind
RT000222,TX0014864,2025-09-19,1,639.2,Defective
RT000223,TX0009437,2024-03-23,1,269.1,Size Issue
RT000224,TX0002839,2024-09-04,1,759.05,Defective
RT000225,TX0002996,2025-04-01,1,239.4,Defective
RT000226,TX0001232,2025-07-24,1,1259.1,Changed Mind
RT000227,TX0001645,2024-03-18,1,974.25,Defective
RT000228,TX0012691,2024-05-01,1,399.0,Changed Mind
RT000229,TX0005211,2024-10-15,1,1104.15,Quality Issue
RT000230,TX0014610,2024-05-28,1,1439.1,Quality Issue
RT000231,TX0012881,2025-04-13,1,1329.05,Quality Issue
RT000232,TX0002675,2024-09-22,1,279.3,Size Issue
RT000233,TX0013926,2025-01-04,1,424.15,Changed Mind
RT000234,TX0010529,2024-06-15,1,989.1,Size Issue
RT000235,TX0000649,2024-10-29,1,1119.2,Size Issue
RT000236,TX0011479,2025-07-21,1,359.1,Quality Issue
RT000237,TX0008282,2024-06-21,1,319.2,Size Issue
RT000238,TX0010545,2024-05-25,1,899.0,Quality Issue
RT000239,TX0002910,2024-10-15,1,559.2,Defective
RT000240,TX0007545,2024-04-25,1,959.2,Quality Issue
RT000241,TX0004854,2025-08-23,1,1139.05,Quality Issue
RT000242,TX0012970,2025-08-02,1,599.0,Size Issue
RT000243,TX0014264,2024-08-19,1,379.05,Size Issue
RT000244,TX0008437,2024-01-17,1,1119.2,Defective
RT000245,TX0001351,2024-10-31,1,209.3,Size Issue
RT000246,TX0004575,2024-07-01,1,399.0,Quality Issue
RT000247,TX0003593,2024-11-06,1,799.0,Defective
RT000248,TX0011935,2024-07-17,1,1259.1,Size Issue
RT000249,TX0012093,2025-02-22,1,1099.0,Changed Mind
RT000250,TX0000136,2025-06-30,1,449.1,Changed Mind
RT000251,TX0009939,2024-03-01,1,719.4,Changed Mind
RT000252,TX0004852,2024-08-27,1,639.2,Size Issue
RT000253,TX0007800,2025-02-12,1,1099.0,Wrong Item
RT000254,TX0004801,2025-02-02,1,1499.0,Size Issue
RT000255,TX0010946,2025-02-20,1,599.0,Changed Mind
RT000256,TX0006065,2025-05-09,1,359.1,Quality Issue
RT000257,TX0001235,2024-02-15,1,759.05,Changed Mind
RT000258,TX0012833,2025-12-28,1,424.15,Size Issue
RT000259,TX0009699,2024-12-25,1,779.4,Defective
RT000260,TX0008304,2025-07-30,1,749.25,Changed Mind
RT000261,TX0004580,2024-01-30,1,759.05,Size Issue
RT000262,TX0002232,2025-01-25,1,934.15,Defective
RT000263,TX0005428,2025-02-10,1,1359.15,Size Issue
RT000264,TX0008445,2024-04-18,1,1439.1,Defective
RT000265,TX0004412,2025-03-01,1,449.55,Size Issue
RT000266,TX0012101,2024-10-26,1,559.2,Changed Mind
RT000267,TX0002314,2024-04-29,1,1299.0,Size Issue
RT000268,TX0014070,2024-05-13,1,594.15,Changed Mind
RT000269,TX0014577,2025-11-25,1,1349.1,Defective
RT000270,TX0007682,2024-08-18,1,489.3,Changed Mind
RT000271,TX0005129,2025-03-30,1,629.1,Quality Issue
RT000272,TX0008369,2024-12-08,1,1039.2,Quality Issue
RT000273,TX0001867,2024-03-13,1,1329.05,Defective
RT000274,TX0011370,2026-01-14,1,799.0,Wrong Item
RT000275,TX0004301,2024-07-19,1,449.1,Changed Mind
RT000276,TX0009844,2024-05-30,1,449.1,Changed Mind
RT000277,TX0001814,2025-07-25,1,999.0,Size Issue
RT000278,TX0001770,2025-06-20,1,699.0,Changed Mind
RT000279,TX0007849,2025-08-18,1,1274.15,Quality Issue
RT000280,TX0012243,2025-08-20,1,479.4,Changed Mind
RT000281,TX0014582,2025-12-09,1,1274.15,Changed Mind
RT000282,TX0001279,2025-08-24,1,749.25,Size Issue
RT000283,TX0005207,2024-01-19,1,799.2,Size Issue
RT000284,TX0009516,2025-11-13,1,854.05,Quality Issue
RT000285,TX0010293,2024-02-11,1,1359.15,Size Issue
RT000286,TX0009573,2025-09-12,1,999.0,Quality Issue
RT000287,TX0003721,2025-08-01,1,399.2,Quality Issue
RT000288,TX0008586,2025-10-07,1,719.2,Quality Issue
RT000289,TX0008481,2024-03-13,1,854.05,Quality Issue
RT000290,TX0008238,2024-07-28,1,594.15,Defective
RT000291,TX0006521,2025-02-11,1,1124.25,Defective
RT000292,TX0004485,2025-08-12,1,1299.0,Size Issue
RT000293,TX0013776,2025-04-03,1,539.4,Wrong Item
RT000294,TX0014159,2024-09-27,1,349.3,Changed Mind
RT000295,TX0013280,2025-03-18,1,419.4,Changed Mind
RT000296,TX0006682,2025-03-10,1,1169.1,Size Issue
RT000297,TX0014118,2025-11-26,1,1139.05,Size Issue
RT000298,TX0006525,2025-03-29,1,909.3,Changed Mind
RT000299,TX0003877,2025-06-23,1,599.25,Defective
RT000300,TX0006992,2025-10-30,1,239.2,Changed Mind
RT000301,TX0014359,2024-02-06,1,1279.2,Size Issue
RT000302,TX0014479,2024-09-09,1,809.1,Defective
RT000303,TX0010863,2024-10-21,1,839.3,Size Issue
RT000304,TX0006257,2024-06-04,1,1399.0,Size Issue
RT000305,TX0002841,2025-09-28,1,599.0,Defective
RT000306,TX0012933,2025-11-18,1,569.05,Wrong Item
RT000307,TX0003390,2025-02-04,1,1499.0,Defective
RT000308,TX0008976,2024-02-20,1,284.05,Size Issue
RT000309,TX0005685,2024-07-18,1,254.15,Changed Mind
RT000310,TX0003845,2024-10-24,1,1119.2,Wrong Item
RT000311,TX0014940,2024-09-12,1,809.1,Quality Issue
RT000312,TX0010398,2024-02-19,1,1499.0,Wrong Item
RT000313,TX0004911,2025-03-01,1,449.1,Quality Issue
RT000314,TX0000699,2025-04-02,1,569.05,Size Issue
RT000315,TX0002476,2025-09-24,1,1119.3,Size Issue
RT000316,TX0001310,2025-05-05,1,499.0,Quality Issue
RT000317,TX0009067,2024-07-13,1,749.25,Quality Issue
RT000318,TX0007952,2024-06-12,1,839.3,Wrong Item
RT000319,TX0014306,2024-06-07,1,379.05,Size Issue
RT000320,TX0010652,2024-09-12,1,769.3,Defective
RT000321,TX0003941,2024-11-10,1,254.15,Quality Issue
RT000322,TX0007892,2024-07-21,1,909.3,Changed Mind
RT000323,TX0006957,2025-02-06,1,399.0,Size Issue
RT000324,TX0003487,2025-06-01,1,1399.0,Changed Mind
RT000325,TX0005378,2024-08-10,1,1329.05,Size Issue
RT000326,TX0000150,2024-12-16,1,339.15,Changed Mind
RT000327,TX0012250,2025-09-29,1,1599.0,Changed Mind
RT000328,TX0002120,2025-01-20,1,599.25,Wrong Item
RT000329,TX0004086,2025-08-28,1,989.1,Quality Issue
RT000330,TX0007304,2025-03-24,1,319.2,Defective
RT000331,TX0001197,2025-08-28,1,809.1,Quality Issue
RT000332,TX0008126,2025-08-31,1,399.0,Quality Issue
RT000333,TX0012841,2025-12-17,1,594.15,Size Issue
RT000334,TX0010349,2024-04-18,1,1359.15,Size Issue
RT000335,TX0012805,2024-05-14,1,1274.15,Defective
RT000336,TX0013887,2024-10-12,1,539.1,Defective
RT000337,TX0009063,2025-06-24,1,499.0,Size Issue
RT000338,TX0002697,2025-08-20,1,1259.1,Size Issue
RT000339,TX0001427,2025-06-27,1,1274.15,Quality Issue
RT000340,TX0007293,2024-06-04,1,539.1,Changed Mind
RT000341,TX0004688,2025-10-14,1,1349.1,Changed Mind
RT000342,TX0005711,2024-01-27,1,1439.1,Wrong Item
RT000343,TX0003402,2025-09-05,1,659.4,Changed Mind
RT000344,TX0003411,2024-08-21,1,629.1,Size Issue
RT000345,TX0013171,2024-09-07,1,209.3,Changed Mind
RT000346,TX0001612,2024-06-17,1,934.15,Size Issue
RT000347,TX0004496,2025-03-13,1,509.15,Changed Mind
RT000348,TX0005842,2025-09-21,1,1279.2,Quality Issue
RT000349,TX0003973,2024-04-08,1,299.25,Wrong Item
RT000350,TX0003001,2025-06-22,1,1199.0,Size Issue
RT000351,TX0012001,2025-11-24,1,419.3,Changed Mind
RT000352,TX0012849,2024-08-15,1,899.25,Quality Issue
RT000353,TX0001452,2025-05-07,1,1274.15,Defective
RT000354,TX0005859,2024-08-10,1,224.25,Changed Mind
RT000355,TX0008802,2024-03-30,1,839.4,Size Issue
RT000356,TX0000666,2024-05-15,1,959.2,Changed Mind
RT000357,TX0008826,2025-07-25,1,1079.1,Size Issue
RT000358,TX0001491,2024-08-19,1,559.2,Size Issue
RT000359,TX0004815,2024-08-10,1,749.25,Size Issue
RT000360,TX0008925,2025-04-30,1,599.25,Defective
RT000361,TX0014036,2025-11-05,1,629.3,Changed Mind
RT000362,TX0003398,2024-02-25,1,349.3,Defective
RT000363,TX0002865,2025-03-07,1,899.25,Size Issue
RT000364,TX0000861,2024-06-14,1,539.1,Quality Issue
RT000365,TX0002417,2025-03-27,1,824.25,Wrong Item
RT000366,TX0009428,2024-11-05,1,1199.0,Changed Mind
RT000367,TX0006232,2024-07-05,1,209.3,Changed Mind
RT000368,TX0010064,2025-10-10,1,474.05,Defective
RT000369,TX0007685,2025-06-11,1,759.05,Wrong Item
RT000370,TX0008231,2024-11-29,1,379.05,Changed Mind
RT000371,TX0005081,2025-05-24,1,1399.0,Defective
RT000372,TX0002905,2024-08-05,1,679.15,Defective
RT000373,TX0006765,2025-11-16,1,1349.1,Size Issue
RT000374,TX0000342,2025-02-12,1,299.0,Size Issue
RT000375,TX0000597,2025-05-11,1,209.3,Wrong Item
RT000376,TX0006444,2025-12-12,1,699.0,Changed Mind
RT000377,TX0002579,2025-05-15,1,299.0,Size Issue
RT000378,TX0000070,2024-10-03,1,959.4,Defective
RT000379,TX0001535,2025-07-16,1,934.15,Size Issue
RT000380,TX0013951,2024-06-17,1,1019.15,Changed Mind
RT000381,TX0013132,2025-10-11,1,1079.1,Changed Mind
RT000382,TX0003215,2025-11-02,1,879.2,Quality Issue
RT000383,TX0011322,2025-11-05,1,1259.1,Changed Mind
RT000384,TX0005865,2024-01-27,1,1234.05,Size Issue
RT000385,TX0007275,2024-08-25,1,254.15,Wrong Item
RT000386,TX0007310,2025-11-30,1,974.25,Quality Issue
RT000387,TX0005359,2025-11-07,1,319.2,Wrong Item
RT000388,TX0000983,2024-03-06,1,1499.0,Quality Issue
RT000389,TX0011252,2024-06-13,1,359.4,Size Issue
RT000390,TX0011149,2024-12-07,1,974.25,Defective
RT000391,TX0001496,2024-08-11,1,539.1,Quality Issue
RT000392,TX0006501,2025-07-23,1,899.25,Size Issue
RT000393,TX0004725,2025-10-11,1,764.15,Size Issue
RT000394,TX0014701,2024-05-30,1,559.2,Wrong Item
RT000395,TX0013829,2024-09-13,1,349.3,Changed Mind
RT000396,TX0009432,2024-11-04,1,949.05,Quality Issue
RT000397,TX0013108,2025-10-11,1,769.3,Size Issue
RT000398,TX0006740,2025-05-03,1,934.15,Quality Issue
RT000399,TX0009544,2025-08-06,1,664.05,Size Issue
RT000400,TX0003922,2024-08-12,1,1049.25,Quality Issue
RT000401,TX0009420,2024-06-22,1,1279.2,Quality Issue
RT000402,TX0011889,2024-12-16,1,1274.15,Changed Mind
RT000403,TX0011927,2024-08-12,1,1079.1,Size Issue
RT000404,TX0002889,2024-06-03,1,599.25,Quality Issue
RT000405,TX0012918,2024-03-09,1,479.2,Size Issue
RT000406,TX0014272,2024-07-13,1,879.2,Changed Mind
RT000407,TX0006481,2024-06-12,1,1599.0,Changed Mind
RT000408,TX0008947,2024-07-16,1,254.15,Quality Issue
RT000409,TX0012640,2024-02-15,1,479.2,Changed Mind
RT000410,TX0005453,2025-01-16,1,879.2,Changed Mind
RT000411,TX0010813,2024-11-24,1,254.15,Changed Mind
RT000412,TX0010711,2025-09-25,1,559.3,Size Issue
RT000413,TX0002778,2025-06-28,1,489.3,Size Issue
RT000414,TX0003313,2025-01-30,1,1199.2,Changed Mind
RT000415,TX0004969,2025-07-05,1,299.25,Size Issue
RT000416,TX0004090,2025-11-30,1,974.25,Changed Mind
RT000417,TX0011043,2025-01-25,1,379.05,Defective
RT000418,TX0000918,2025-09-28,1,699.3,Changed Mind
RT000419,TX0000225,2025-02-05,1,1399.0,Size Issue
RT000420,TX0008917,2024-04-27,1,1234.05,Changed Mind
RT000421,TX0012720,2024-05-15,1,359.1,Wrong Item
RT000422,TX0007532,2025-11-22,1,1039.2,Changed Mind
RT000423,TX0014603,2025-10-16,1,569.05,Size Issue
RT000424,TX0014903,2025-03-19,1,899.1,Size Issue
RT000425,TX0013855,2025-06-27,1,1519.05,Changed Mind
RT000426,TX0012488,2025-04-03,1,799.0,Size Issue
RT000427,TX0004001,2025-08-18,1,299.25,Size Issue
RT000428,TX0001253,2024-04-01,1,539.1,Size Issue
RT000429,TX0010700,2024-07-11,1,1424.05,Changed Mind
RT000430,TX0002176,2024-10-15,1,664.05,Changed Mind
RT000431,TX0008326,2024-10-29,1,569.05,Quality Issue
RT000432,TX0000747,2025-10-28,1,1399.0,Quality Issue
RT000433,TX0007680,2025-10-26,1,1439.1,Defective
RT000434,TX0002406,2024-06-09,1,269.1,Wrong Item
RT000435,TX0013568,2025-07-21,1,359.1,Defective
RT000436,TX0007861,2025-09-16,1,489.3,Defective
RT000437,TX0001425,2025-04-04,1,479.2,Size Issue
RT000438,TX0012675,2025-09-10,1,899.1,Changed Mind
RT000439,TX0012507,2025-02-04,1,1189.15,Size Issue
RT000440,TX0007086,2025-06-04,1,779.4,Size Issue
RT000441,TX0008863,2025-06-09,1,539.1,Wrong Item
RT000442,TX0013110,2025-09-01,1,479.2,Quality Issue
RT000443,TX0004052,2024-04-17,1,1099.0,Wrong Item
RT000444,TX0005813,2025-01-11,1,799.0,Size Issue
RT000445,TX0002468,2025-07-28,1,339.15,Changed Mind
RT000446,TX0010187,2025-07-11,1,879.2,Changed Mind
RT000447,TX0013901,2024-03-10,1,1279.2,Changed Mind
RT000448,TX0009545,2024-11-12,1,209.3,Wrong Item
RT000449,TX0007664,2025-12-12,1,509.15,Quality Issue
RT000450,TX0001076,2025-09-15,1,769.3,Size Issue
RT000451,TX0007031,2025-08-25,1,989.1,Quality Issue
RT000452,TX0008154,2024-03-27,1,1049.25,Defective
RT000453,TX0012497,2025-06-06,1,379.05,Changed Mind
RT000454,TX0004637,2025-07-03,1,629.1,Defective
RT000455,TX0011576,2024-10-30,1,239.2,Defective
RT000456,TX0004195,2024-05-24,1,809.1,Wrong Item
RT000457,TX0005103,2025-12-16,1,489.3,Changed Mind
RT000458,TX0010670,2024-11-25,1,1599.0,Changed Mind
RT000459,TX0010323,2025-07-30,1,854.05,Size Issue
RT000460,TX0005345,2024-07-25,1,899.25,Changed Mind
RT000461,TX0013040,2025-12-01,1,1049.3,Wrong Item
RT000462,TX0010644,2025-03-18,1,999.0,Quality Issue
RT000463,TX0011421,2024-05-20,1,629.1,Size Issue
RT000464,TX0011996,2024-06-21,1,1499.0,Changed Mind
RT000465,TX0005900,2025-02-10,1,854.05,Quality Issue
RT000466,TX0011243,2024-03-14,1,1099.0,Defective
RT000467,TX0006040,2025-06-11,1,1439.1,Wrong Item
RT000468,TX0006554,2025-06-18,1,399.2,Size Issue
RT000469,TX0001987,2024-05-04,1,599.0,Size Issue
RT000470,TX0014779,2024-11-16,1,979.3,Changed Mind
RT000471,TX0007749,2024-09-21,1,839.3,Size Issue
RT000472,TX0000250,2025-09-07,1,809.1,Size Issue
RT000473,TX0005951,2024-05-07,1,594.15,Quality Issue
RT000474,TX0011179,2025-01-25,1,269.1,Size Issue
RT000475,TX0013216,2025-07-25,1,269.1,Size Issue
RT000476,TX0013637,2024-11-01,1,979.3,Size Issue
RT000477,TX0010256,2026-01-06,1,524.25,Quality Issue
RT000478,TX0011020,2024-09-07,1,639.2,Quality Issue
RT000479,TX0011977,2025-09-04,1,299.25,Size Issue
RT000480,TX0006871,2026-01-11,1,1139.05,Size Issue
RT000481,TX0014058,2025-03-11,1,479.2,Defective
RT000482,TX0004183,2024-12-12,1,479.4,Changed Mind
RT000483,TX0000018,2025-04-20,1,269.1,Defective
RT000484,TX0013547,2024-10-11,1,1119.3,Changed Mind
RT000485,TX0012594,2024-08-20,1,299.0,Size Issue
RT000486,TX0006602,2025-07-16,1,594.15,Size Issue
RT000487,TX0014299,2024-04-02,1,719.1,Size Issue
RT000488,TX0008251,2024-12-17,1,839.3,Changed Mind
RT000489,TX0010664,2024-04-11,1,899.0,Quality Issue
RT000490,TX0002702,2024-04-29,1,1274.15,Defective
RT000491,TX0008264,2024-01-26,1,719.2,Defective
RT000492,TX0011601,2025-07-27,1,1189.15,Size Issue
RT000493,TX0006160,2025-01-06,1,1104.15,Size Issue
RT000494,TX0007498,2025-01-29,1,539.1,Changed Mind
RT000495,TX0000549,2025-08-21,1,539.1,Changed Mind
RT000496,TX0000897,2025-08-22,1,1199.0,Wrong Item
RT000497,TX0013627,2025-03-31,1,539.1,Wrong Item
RT000498,TX0006267,2025-02-20,1,569.05,Changed Mind
RT000499,TX0014372,2025-02-05,1,799.2,Changed Mind
RT000500,TX0002388,2025-05-09,1,719.2,Defective
RT000501,TX0006875,2024-06-03,1,319.2,Size Issue
RT000502,TX0011358,2026-01-02,1,524.25,Changed Mind
RT000503,TX0014744,2024-07-04,1,559.2,Defective
RT000504,TX0005971,2025-04-29,1,759.05,Size Issue
RT000505,TX0006334,2024-10-06,1,284.05,Changed Mind
RT000506,TX0000874,2024-09-08,1,509.15,Size Issue
RT000507,TX0001574,2025-02-06,1,1124.25,Changed Mind
RT000508,TX0013706,2025-10-13,1,899.0,Quality Issue
RT000509,TX0004057,2025-08-29,1,1049.25,Size Issue
RT000510,TX0000241,2025-04-21,1,599.0,Defective
RT000511,TX0009292,2024-05-08,1,629.3,Changed Mind
RT000512,TX0011811,2025-02-27,1,1189.15,Changed Mind
RT000513,TX0011605,2024-02-17,1,1199.25,Size Issue
RT000514,TX0007110,2024-10-05,1,239.2,Wrong Item
RT000515,TX0004924,2024-12-17,1,489.3,Quality Issue
RT000516,TX0006596,2025-03-04,1,254.15,Size Issue
RT000517,TX0007385,2025-08-25,1,599.4,Size Issue
RT000518,TX0009193,2024-01-16,1,679.15,Defective
RT000519,TX0011136,2024-04-04,1,269.1,Quality Issue
RT000520,TX0008400,2024-03-17,1,1359.15,Defective
RT000521,TX0007764,2024-07-09,1,379.05,Quality Issue
RT000522,TX0004800,2026-01-06,1,629.1,Changed Mind
RT000523,TX0002440,2024-01-31,1,719.1,Size Issue
RT000524,TX0002307,2024-06-16,1,419.3,Size Issue
RT000525,TX0004673,2025-06-07,1,824.25,Wrong Item
RT000526,TX0002764,2025-02-25,1,569.05,Size Issue
RT000527,TX0004397,2025-01-22,1,449.25,Size Issue
RT000528,TX0013004,2025-11-16,1,379.05,Size Issue
RT000529,TX0002938,2024-12-01,1,239.2,Defective
RT000530,TX0005739,2025-10-26,1,599.25,Changed Mind
RT000531,TX0003639,2025-10-23,1,629.3,Defective
RT000532,TX0004172,2025-02-22,1,799.0,Quality Issue
RT000533,TX0008343,2024-09-08,1,674.25,Quality Issue
RT000534,TX0006417,2025-10-27,1,209.3,Quality Issue
RT000535,TX0006922,2024-03-31,1,599.25,Quality Issue
RT000536,TX0012775,2025-12-01,1,1329.05,Size Issue
RT000537,TX0011915,2024-06-05,1,424.15,Changed Mind
RT000538,TX0009576,2024-08-25,1,934.15,Defective
RT000539,TX0010444,2024-11-25,1,449.1,Defective
RT000540,TX0007340,2025-09-23,1,1274.15,Changed Mind
RT000541,TX0009022,2024-09-06,1,489.3,Size Issue
RT000542,TX0001366,2024-10-06,1,374.25,Wrong Item
RT000543,TX0014950,2025-08-14,1,1279.2,Changed Mind
RT000544,TX0001734,2024-02-14,1,639.2,Changed Mind
RT000545,TX0009091,2024-08-27,1,1169.1,Size Issue
RT000546,TX0007927,2024-09-18,1,399.0,Size Issue
RT000547,TX0005770,2025-12-03,1,339.15,Defective
RT000548,TX0000896,2025-08-10,1,1099.0,Quality Issue
RT000549,TX0008955,2025-11-25,1,719.2,Size Issue
RT000550,TX0001895,2025-10-21,1,424.15,Changed Mind
RT000551,TX0010327,2024-11-13,1,449.1,Changed Mind
RT000552,TX0006541,2025-02-06,1,524.25,Size Issue
RT000553,TX0007731,2025-11-25,1,499.0,Size Issue
RT000554,TX0007521,2024-04-04,1,899.25,Changed Mind
RT000555,TX0013062,2024-03-07,1,719.1,Quality Issue
RT000556,TX0009745,2025-08-19,1,849.15,Changed Mind
RT000557,TX0010756,2024-07-08,1,959.2,Size Issue
RT000558,TX0011772,2024-02-29,1,749.25,Changed Mind
RT000559,TX0005802,2024-10-07,1,299.4,Size Issue
RT000560,TX0001539,2024-08-22,1,499.0,Size Issue
RT000561,TX0014622,2025-04-08,1,764.15,Size Issue
RT000562,TX0003124,2024-04-19,1,299.25,Changed Mind
RT000563,TX0003188,2025-02-27,1,224.25,Defective
RT000564,TX0002898,2025-09-08,1,499.0,Wrong Item
RT000565,TX0004268,2024-10-03,1,399.2,Changed Mind
RT000566,TX0012850,2024-07-17,1,1259.1,Changed Mind
RT000567,TX0005344,2025-06-28,1,699.0,Size Issue
RT000568,TX0003483,2024-01-20,1,539.1,Size Issue
RT000569,TX0010132,2025-09-06,1,509.15,Defective
RT000570,TX0014596,2025-07-21,1,349.3,Size Issue
RT000571,TX0012263,2025-09-05,1,1124.25,Changed Mind
RT000572,TX0005347,2025-07-02,1,1199.2,Size Issue
RT000573,TX0003298,2025-09-27,1,299.25,Quality Issue
RT000574,TX0013841,2025-11-01,1,539.1,Changed Mind
RT000575,TX0003551,2025-09-23,1,449.1,Size Issue
RT000576,TX0011496,2024-04-10,1,379.05,Changed Mind
RT000577,TX0002678,2025-12-02,1,399.2,Changed Mind
RT000578,TX0001475,2025-04-08,1,1044.05,Changed Mind
RT000579,TX0002696,2025-09-24,1,1199.0,Size Issue
RT000580,TX0010092,2024-02-25,1,854.05,Defective
RT000581,TX0011975,2025-10-20,1,934.15,Quality Issue
RT000582,TX0010472,2025-08-18,1,824.25,Defective
RT000583,TX0009770,2024-03-19,1,1019.15,Defective
RT000584,TX0014244,2024-04-29,1,1299.0,Changed Mind
RT000585,TX0014567,2024-10-29,1,824.25,Quality Issue
RT000586,TX0012417,2025-07-16,1,839.3,Defective
RT000587,TX0009823,2024-08-02,1,1104.15,Size Issue
RT000588,TX0008860,2025-08-18,1,599.25,Changed Mind
RT000589,TX0010290,2024-06-21,1,559.3,Defective
RT000590,TX0001495,2025-05-04,1,379.05,Size Issue
RT000591,TX0012926,2024-06-21,1,269.1,Changed Mind
RT000592,TX0004051,2024-11-22,1,559.3,Size Issue
RT000593,TX0008859,2024-03-22,1,299.0,Defective
RT000594,TX0005567,2025-05-31,1,359.4,Size Issue
RT000595,TX0002225,2024-05-14,1,1049.3,Size Issue
RT000596,TX0005795,2025-12-31,1,449.25,Quality Issue
RT000597,TX0014547,2025-05-27,1,1274.15,Changed Mind
RT000598,TX0006050,2024-10-13,1,699.0,Changed Mind
RT000599,TX0001157,2024-07-29,1,399.0,Size Issue
RT000600,TX0013196,2025-07-23,1,379.05,Changed Mind
RT000601,TX0001109,2025-12-22,1,1199.2,Size Issue
RT000602,TX0013211,2025-06-23,1,1439.1,Size Issue
RT000603,TX0011053,2025-05-26,1,769.3,Quality Issue
RT000604,TX0011288,2026-01-01,1,679.15,Size Issue
RT000605,TX0000672,2025-07-09,1,449.1,Defective
RT000606,TX0007315,2025-05-31,1,989.1,Wrong Item
RT000607,TX0012658,2024-07-23,1,959.2,Size Issue
RT000608,TX0011696,2024-12-16,1,629.1,Size Issue
RT000609,TX0006734,2024-02-22,1,809.1,Quality Issue
RT000610,TX0004176,2025-02-06,1,254.15,Changed Mind
RT000611,TX0007838,2025-09-22,1,1299.0,Changed Mind
RT000612,TX0001314,2024-03-22,1,1234.05,Quality Issue
RT000613,TX0003100,2025-10-12,1,599.0,Changed Mind
RT000614,TX0003851,2025-01-12,1,224.25,Quality Issue
RT000615,TX0002065,2025-08-13,1,399.2,Changed Mind
RT000616,TX0014962,2024-05-18,1,254.15,Changed Mind
RT000617,TX0004035,2024-09-10,1,1519.05,Size Issue
RT000618,TX0006492,2024-04-28,1,1124.25,Wrong Item
RT000619,TX0008217,2024-09-28,1,674.25,Size Issue
RT000620,TX0005897,2025-04-06,1,359.1,Size Issue
RT000621,TX0001819,2024-10-06,1,339.15,Size Issue
RT000622,TX0011809,2024-07-01,1,1299.0,Size Issue
RT000623,TX0005464,2025-09-29,1,1124.25,Size Issue
RT000624,TX0001405,2025-02-27,1,1044.05,Size Issue
RT000625,TX0006766,2025-04-27,1,269.1,Quality Issue
RT000626,TX0004818,2024-12-01,1,479.4,Wrong Item
RT000627,TX0014248,2025-08-06,1,599.4,Size Issue
RT000628,TX0009766,2025-07-08,1,629.1,Wrong Item
RT000629,TX0010999,2024-03-19,1,764.15,Changed Mind
RT000630,TX0002323,2025-01-24,1,719.2,Wrong Item
RT000631,TX0000038,2024-02-12,1,279.3,Changed Mind
RT000632,TX0001960,2024-11-08,1,1349.1,Changed Mind
RT000633,TX0000837,2024-12-14,1,599.25,Wrong Item
RT000634,TX0004525,2024-09-20,1,989.1,Changed Mind
RT000635,TX0010151,2024-05-22,1,1259.1,Changed Mind
RT000636,TX0011096,2025-03-27,1,1124.25,Changed Mind
RT000637,TX0013457,2024-06-05,1,1099.0,Changed Mind
RT000638,TX0013055,2024-12-27,1,594.15,Changed Mind
RT000639,TX0001864,2025-12-16,1,509.15,Size Issue
RT000640,TX0011068,2025-06-16,1,449.1,Changed Mind
RT000641,TX0002339,2025-08-16,1,1349.1,Defective
RT000642,TX0001044,2025-09-22,1,749.25,Quality Issue
RT000643,TX0000953,2024-12-03,1,359.4,Size Issue
RT000644,TX0004421,2025-12-25,1,839.3,Quality Issue
RT000645,TX0014598,2024-11-02,1,959.4,Size Issue
RT000646,TX0004459,2025-10-16,1,1519.05,Changed Mind
RT000647,TX0008162,2024-11-08,1,479.4,Defective
RT000648,TX0006242,2024-10-05,1,1199.2,Changed Mind
RT000649,TX0011284,2025-01-31,1,374.25,Changed Mind
RT000650,TX0008915,2025-12-07,1,1139.05,Changed Mind
RT000651,TX0014876,2024-11-21,1,269.1,Size Issue
RT000652,TX0003259,2025-12-31,1,399.2,Wrong Item
RT000653,TX0008617,2025-03-09,1,279.3,Changed Mind
RT000654,TX0005509,2025-04-30,1,679.15,Size Issue
RT000655,TX0011711,2025-10-05,1,539.1,Defective
RT000656,TX0008974,2024-08-30,1,499.0,Defective
RT000657,TX0000879,2025-06-17,1,284.05,Changed Mind
RT000658,TX0014716,2025-02-16,1,299.25,Changed Mind
RT000659,TX0005371,2024-09-22,1,664.05,Size Issue
RT000660,TX0009353,2024-04-20,1,854.05,Size Issue
RT000661,TX0000893,2025-01-27,1,1349.1,Defective
RT000662,TX0009500,2025-07-17,1,719.1,Changed Mind
RT000663,TX0013765,2024-08-28,1,359.1,Changed Mind
RT000664,TX0011559,2025-08-17,1,719.2,Changed Mind
RT000665,TX0003795,2025-01-24,1,769.3,Size Issue
RT000666,TX0003726,2025-06-29,1,1499.0,Size Issue
RT000667,TX0013118,2024-07-02,1,764.15,Changed Mind
RT000668,TX0012387,2024-04-29,1,1299.0,Quality Issue
RT000669,TX0013553,2025-01-23,1,299.4,Quality Issue
RT000670,TX0004989,2025-11-20,1,449.25,Changed Mind
RT000671,TX0002192,2025-09-16,1,224.25,Changed Mind
RT000672,TX0007813,2024-01-07,1,359.1,Quality Issue
RT000673,TX0001190,2025-01-05,1,1199.25,Quality Issue
RT000674,TX0000348,2024-11-02,1,594.15,Defective
RT000675,TX0005963,2025-04-24,1,1199.0,Changed Mind
RT000676,TX0000779,2025-12-16,1,1274.15,Changed Mind
RT000677,TX0009669,2025-10-24,1,749.25,Size Issue
RT000678,TX0000707,2025-01-24,1,479.2,Size Issue
RT000679,TX0008761,2024-08-08,1,359.1,Changed Mind
RT000680,TX0009932,2025-10-06,1,299.25,Defective
RT000681,TX0007174,2025-11-12,1,279.3,Changed Mind
RT000682,TX0002018,2025-06-15,1,1199.25,Quality Issue
RT000683,TX0007489,2025-06-10,1,1359.15,Quality Issue
RT000684,TX0001107,2025-08-21,1,699.0,Quality Issue
RT000685,TX0003326,2025-06-11,1,179.4,Changed Mind
RT000686,TX0005401,2025-10-18,1,959.4,Wrong Item
RT000687,TX0006775,2025-10-16,1,899.25,Quality Issue
RT000688,TX0011640,2024-10-28,1,934.15,Size Issue
RT000689,TX0010906,2025-08-08,1,299.25,Defective
RT000690,TX0002456,2025-07-03,1,424.15,Defective
RT000691,TX0008031,2025-08-07,1,1079.1,Size Issue
RT000692,TX0005447,2024-03-19,1,1259.1,Size Issue
RT000693,TX0004847,2024-08-31,1,899.1,Size Issue
RT000694,TX0002625,2024-11-22,1,629.3,Defective
RT000695,TX0004103,2025-06-26,1,1234.05,Wrong Item
RT000696,TX0010804,2024-10-03,1,594.15,Quality Issue
RT000697,TX0003355,2025-08-09,1,809.1,Defective
RT000698,TX0001203,2024-11-21,1,764.15,Size Issue
RT000699,TX0014482,2025-06-01,1,424.15,Changed Mind
RT000700,TX0012341,2025-03-11,1,279.3,Size Issue
RT000701,TX0012614,2025-12-13,1,1049.3,Defective
RT000702,TX0006614,2025-12-15,1,679.15,Changed Mind
RT000703,TX0004076,2025-01-16,1,1189.15,Changed Mind
RT000704,TX0002366,2025-12-14,1,779.4,Size Issue
RT000705,TX0005372,2025-12-29,1,1359.15,Changed Mind
RT000706,TX0004273,2025-01-04,1,1104.15,Wrong Item
RT000707,TX0012048,2024-07-07,1,989.1,Changed Mind
RT000708,TX0013049,2024-04-21,1,699.0,Quality Issue
RT000709,TX0000935,2025-12-01,1,1359.15,Changed Mind
RT000710,TX0004651,2025-08-08,1,1519.05,Size Issue
RT000711,TX0003231,2024-04-19,1,1519.05,Size Issue
RT000712,TX0010305,2024-02-17,1,899.1,Wrong Item
RT000713,TX0013743,2025-01-10,1,959.2,Size Issue
RT000714,TX0006298,2025-03-31,1,1424.05,Wrong Item
RT000715,TX0006022,2024-03-09,1,499.0,Changed Mind
RT000716,TX0001619,2024-11-06,1,1019.15,Defective
RT000717,TX0001592,2025-10-25,1,1119.3,Quality Issue
RT000718,TX0010503,2025-02-13,1,934.15,Changed Mind
RT000719,TX0004094,2025-07-06,1,474.05,Wrong Item
RT000720,TX0008228,2025-03-10,1,1139.05,Changed Mind
RT000721,TX0000609,2025-03-06,1,284.05,Quality Issue
RT000722,TX0001144,2024-05-11,1,699.3,Changed Mind
RT000723,TX0005832,2024-09-17,1,599.0,Size Issue
RT000724,TX0011739,2024-05-10,1,1359.15,Quality Issue
RT000725,TX0000449,2024-04-21,1,759.05,Changed Mind
RT000726,TX0002876,2025-12-19,1,284.05,Size Issue
RT000727,TX0004152,2025-01-21,1,759.05,Changed Mind
RT000728,TX0003589,2025-07-04,1,1039.2,Wrong Item
RT000729,TX0004845,2025-08-03,1,769.3,Defective
RT000730,TX0000519,2025-06-21,1,1259.1,Changed Mind
RT000731,TX0006750,2025-07-15,1,1299.0,Changed Mind
RT000732,TX0007401,2024-02-16,1,349.3,Defective
RT000733,TX0007351,2025-07-20,1,699.3,Wrong Item
RT000734,TX0012693,2025-03-19,1,449.25,Quality Issue
RT000735,TX0012491,2025-04-18,1,1199.0,Size Issue
RT000736,TX0010143,2025-11-16,1,1274.15,Changed Mind
RT000737,TX0014031,2025-01-03,1,779.4,Defective
RT000738,TX0012800,2025-10-03,1,629.1,Changed Mind
RT000739,TX0011224,2025-07-21,1,1259.1,Size Issue
RT000740,TX0014101,2024-07-24,1,849.15,Quality Issue
RT000741,TX0001038,2025-02-09,1,764.15,Size Issue
RT000742,TX0009121,2025-12-03,1,284.05,Quality Issue
RT000743,TX0013645,2025-08-13,1,974.25,Defective
RT000744,TX0005167,2024-10-20,1,839.3,Changed Mind
RT000745,TX0004299,2025-11-11,1,1019.15,Changed Mind
RT000746,TX0003998,2024-02-20,1,1124.25,Changed Mind
RT000747,TX0008900,2024-08-13,1,959.2,Size Issue
RT000748,TX0011166,2024-10-15,1,239.2,Defective
RT000749,TX0011536,2025-02-13,1,719.2,Quality Issue
RT000750,TX0001520,2024-06-05,1,759.05,Quality Issue
RT000751,TX0010367,2024-03-09,1,489.3,Wrong Item
RT000752,TX0001195,2025-11-01,1,379.05,Changed Mind
RT000753,TX0010867,2024-04-21,1,1049.3,Changed Mind
RT000754,TX0005754,2024-10-23,1,824.25,Changed Mind
RT000755,TX0012409,2025-08-06,1,999.0,Quality Issue
RT000756,TX0000456,2024-05-02,1,1424.05,Size Issue
RT000757,TX0007807,2024-07-09,1,1279.2,Size Issue
RT000758,TX0004751,2025-07-14,1,719.2,Size Issue
RT000759,TX0003027,2025-09-15,1,349.3,Size Issue
RT000760,TX0000667,2026-01-13,1,1599.0,Quality Issue
RT000761,TX0012220,2024-08-30,1,1019.15,Size Issue
RT000762,TX0009615,2024-05-31,1,699.3,Defective
RT000763,TX0001165,2024-06-04,1,524.25,Size Issue
RT000764,TX0004129,2025-10-04,1,424.15,Size Issue
RT000765,TX0001505,2025-03-17,1,1599.0,Quality Issue
RT000766,TX0012109,2024-01-05,1,1279.2,Size Issue
RT000767,TX0009147,2025-01-03,1,499.0,Changed Mind
RT000768,TX0009583,2025-03-28,1,979.3,Size Issue
RT000769,TX0006892,2025-04-03,1,959.2,Wrong Item
RT000770,TX0006101,2025-06-09,1,539.1,Defective
RT000771,TX0002118,2024-11-05,1,1019.15,Size Issue
RT000772,TX0003156,2024-01-20,1,599.0,Changed Mind
RT000773,TX0006938,2025-04-14,1,1359.15,Changed Mind
RT000774,TX0011668,2024-12-07,1,1499.0,Size Issue
RT000775,TX0009934,2024-01-18,1,989.1,Size Issue
RT000776,TX0006156,2024-08-01,1,959.2,Size Issue
RT000777,TX0003895,2024-10-19,1,179.4,Changed Mind
RT000778,TX0000276,2025-10-15,1,799.0,Size Issue
RT000779,TX0010736,2025-09-25,1,539.1,Size Issue
RT000780,TX0004823,2025-02-14,1,284.05,Size Issue
RT000781,TX0007367,2024-02-12,1,1104.15,Quality Issue
RT000782,TX0006401,2024-03-06,1,809.1,Quality Issue
RT000783,TX0003615,2025-03-10,1,629.1,Defective
RT000784,TX0010351,2025-05-02,1,699.0,Defective
RT000785,TX0004060,2025-06-20,1,419.4,Wrong Item
RT000786,TX0010234,2024-03-27,1,1279.2,Wrong Item
RT000787,TX0008815,2024-04-03,1,539.1,Size Issue
RT000788,TX0005139,2024-03-28,1,319.2,Size Issue
RT000789,TX0011512,2024-05-14,1,474.05,Changed Mind
RT000790,TX0004202,2025-03-07,1,1199.25,Defective
RT000791,TX0000343,2025-10-04,1,1099.0,Changed Mind
RT000792,TX0007711,2025-04-08,1,379.05,Changed Mind
RT000793,TX0005405,2025-10-04,1,809.1,Quality Issue
RT000794,TX0006243,2024-08-05,1,1099.0,Wrong Item
RT000795,TX0012334,2025-04-14,1,379.05,Quality Issue
RT000796,TX0006339,2024-11-11,1,839.4,Wrong Item
RT000797,TX0001873,2026-01-10,1,499.0,Changed Mind
RT000798,TX0013907,2025-12-22,1,959.2,Defective
RT000799,TX0003827,2024-10-16,1,1039.2,Size Issue
RT000800,TX0012526,2024-03-13,1,599.25,Size Issue
RT000801,TX0011140,2025-10-07,1,374.25,Quality Issue
RT000802,TX0001627,2025-08-22,1,449.1,Size Issue
RT000803,TX0013521,2025-10-14,1,1439.1,Quality Issue
RT000804,TX0003075,2024-02-11,1,849.15,Size Issue
RT000805,TX0007736,2025-09-01,1,934.15,Changed Mind
RT000806,TX0008507,2024-10-04,1,1099.0,Changed Mind
RT000807,TX0013995,2025-01-26,1,1199.25,Size Issue
RT000808,TX0004986,2025-05-22,1,269.1,Size Issue
RT000809,TX0003028,2024-08-23,1,1259.1,Size Issue
RT000810,TX0014166,2025-06-06,1,974.25,Quality Issue
RT000811,TX0006633,2024-02-17,1,1299.0,Size Issue
RT000812,TX0000854,2024-03-07,1,699.3,Defective
RT000813,TX0000875,2024-02-29,1,539.1,Size Issue
RT000814,TX0003484,2024-01-23,1,359.1,Wrong Item
RT000815,TX0004563,2024-02-01,1,449.1,Quality Issue
RT000816,TX0002284,2025-09-24,1,424.15,Size Issue
RT000817,TX0009317,2025-02-27,1,809.1,Wrong Item
RT000818,TX0002998,2025-10-28,1,1099.0,Size Issue
RT000819,TX0008835,2025-01-20,1,374.25,Quality Issue
RT000820,TX0006405,2024-11-01,1,639.2,Wrong Item
RT000821,TX0001387,2025-06-14,1,759.05,Size Issue
RT000822,TX0004270,2024-10-02,1,799.2,Size Issue
RT000823,TX0009711,2024-07-10,1,1274.15,Quality Issue
RT000824,TX0002726,2025-10-25,1,899.25,Size Issue
RT000825,TX0009487,2024-07-19,1,899.0,Defective
RT000826,TX0001175,2024-01-17,1,664.05,Size Issue
RT000827,TX0010583,2024-09-23,1,299.25,Defective
RT000828,TX0012705,2024-07-16,1,349.3,Defective
RT000829,TX0007213,2024-04-30,1,1104.15,Defective
RT000830,TX0005777,2025-11-28,1,524.25,Quality Issue
RT000831,TX0002670,2024-08-16,1,1399.0,Size Issue
RT000832,TX0010218,2025-01-06,1,239.2,Wrong Item
RT000833,TX0008897,2025-10-06,1,1019.15,Size Issue
RT000834,TX0009479,2025-09-18,1,279.3,Defective
RT000835,TX0007074,2025-02-16,1,524.25,Size Issue
RT000836,TX0009623,2025-11-05,1,374.25,Defective
RT000837,TX0006511,2024-04-15,1,359.1,Wrong Item
RT000838,TX0001359,2024-09-20,1,449.25,Defective
RT000839,TX0011813,2025-05-28,1,284.05,Changed Mind
RT000840,TX0010479,2025-09-27,1,799.2,Size Issue
RT000841,TX0008213,2025-05-03,1,569.05,Changed Mind
RT000842,TX0011781,2024-09-15,1,1119.2,Quality Issue
RT000843,TX0005990,2024-03-30,1,879.2,Changed Mind
RT000844,TX0011535,2025-11-21,1,399.2,Size Issue
RT000845,TX0014444,2025-06-25,1,899.1,Quality Issue
RT000846,TX0000990,2025-11-30,1,489.3,Size Issue
RT000847,TX0002967,2025-05-07,1,809.1,Changed Mind
RT000848,TX0008689,2025-12-29,1,559.3,Size Issue
RT000849,TX0008980,2025-01-23,1,449.1,Quality Issue
RT000850,TX0007260,2024-11-04,1,799.2,Quality Issue
RT000851,TX0000218,2025-04-24,1,594.15,Changed Mind
RT000852,TX0003196,2025-08-09,1,854.05,Changed Mind
RT000853,TX0014360,2024-06-17,1,764.15,Size Issue
RT000854,TX0003328,2025-04-19,1,1599.0,Quality Issue
RT000855,TX0013937,2024-12-15,1,539.1,Changed Mind
RT000856,TX0012540,2025-09-15,1,399.0,Size Issue
RT000857,TX0003577,2025-05-19,1,594.15,Changed Mind
RT000858,TX0006910,2024-07-26,1,1119.2,Quality Issue
RT000859,TX0003319,2025-05-16,1,799.2,Changed Mind
RT000860,TX0005231,2024-04-26,1,899.0,Defective
RT000861,TX0002383,2025-05-05,1,949.05,Changed Mind
RT000862,TX0011737,2025-04-11,1,639.2,Changed Mind
RT000863,TX0011884,2025-06-19,1,509.15,Quality Issue
RT000864,TX0005793,2025-09-03,1,539.1,Changed Mind
RT000865,TX0014776,2025-09-24,1,339.15,Defective
RT000866,TX0009859,2025-04-17,1,1099.0,Size Issue
RT000867,TX0004634,2025-02-02,1,679.15,Size Issue
RT000868,TX0006971,2025-12-23,1,479.2,Changed Mind
RT000869,TX0010175,2025-11-18,1,569.05,Size Issue
RT000870,TX0007112,2024-08-10,1,749.25,Defective
RT000871,TX0000756,2024-05-11,1,319.2,Quality Issue
RT000872,TX0003983,2024-03-02,1,769.3,Changed Mind
RT000873,TX0003286,2025-08-05,1,599.25,Size Issue
RT000874,TX0012859,2025-12-21,1,449.25,Size Issue
RT000875,TX0001629,2024-10-14,1,449.25,Defective
RT000876,TX0013215,2025-05-24,1,379.05,Defective
RT000877,TX0004266,2024-06-08,1,499.0,Changed Mind
RT000878,TX0000786,2025-08-15,1,1039.2,Changed Mind
RT000879,TX0009879,2025-08-20,1,1189.15,Size Issue
RT000880,TX0011619,2024-10-18,1,1599.0,Changed Mind
RT000881,TX0012195,2025-07-21,1,299.4,Quality Issue
RT000882,TX0010271,2024-11-18,1,849.15,Quality Issue
RT000883,TX0011264,2025-04-19,1,664.05,Changed Mind
RT000884,TX0004442,2025-11-24,1,599.4,Changed Mind
RT000885,TX0010358,2025-02-13,1,1599.0,Size Issue
RT000886,TX0004690,2025-05-04,1,799.2,Size Issue
RT000887,TX0000629,2024-10-13,1,499.0,Wrong Item
RT000888,TX0003937,2025-07-04,1,719.2,Wrong Item
RT000889,TX0006259,2024-11-14,1,599.25,Changed Mind
RT000890,TX0010535,2024-02-11,1,1199.2,Changed Mind
RT000891,TX0013992,2024-10-25,1,599.25,Wrong Item
RT000892,TX0010923,2025-11-26,1,974.25,Defective
RT000893,TX0008457,2024-04-11,1,339.15,Size Issue
RT000894,TX0004545,2025-11-17,1,1349.1,Wrong Item
RT000895,TX0001675,2025-03-17,1,424.15,Size Issue
RT000896,TX0009270,2024-07-09,1,599.0,Defective
RT000897,TX0002833,2025-02-21,1,269.1,Quality Issue
RT000898,TX0008862,2025-03-09,1,1124.25,Changed Mind
RT000899,TX0005721,2024-01-08,1,934.15,Changed Mind
RT000900,TX0006919,2024-09-06,1,209.3,Quality Issue
