Store_ID,Store_Name,City,Region,Store_Format,Opening_Date,Selling_Area_SqFt
ST001,Delhi Store 1,Delhi,North,High Street,2021-02-01,2850
ST002,Delhi Store 2,Delhi,North,Mall,2022-03-01,3200
ST003,Lucknow Store 1,Lucknow,North,Mall,2023-04-01,3550
ST004,Lucknow Store 2,Lucknow,North,Neighborhood,2024-05-01,3900
ST005,Jaipur Store 1,Jaipur,North,Neighborhood,2020-06-01,4250
ST006,Jaipur Store 2,Jaipur,North,High Street,2021-07-01,4600
ST007,Mumbai Store 1,Mumbai,West,High Street,2022-08-01,4950
ST008,Mumbai Store 2,Mumbai,West,Mall,2023-09-01,2500
ST009,Pune Store 1,Pune,West,Mall,2024-10-01,2850
ST010,Pune Store 2,Pune,West,Neighborhood,2020-11-01,3200
ST011,Ahmedabad Store 1,Ahmedabad,West,Neighborhood,2021-12-01,3550
ST012,Ahmedabad Store 2,Ahmedabad,West,High Street,2022-01-01,3900
ST013,Bengaluru Store 1,Bengaluru,South,High Street,2023-02-01,4250
ST014,Bengaluru Store 2,Bengaluru,South,Mall,2024-03-01,4600
ST015,Hyderabad Store 1,Hyderabad,South,Mall,2020-04-01,4950
ST016,Hyderabad Store 2,Hyderabad,South,Neighborhood,2021-05-01,2500
ST017,Chennai Store 1,Chennai,South,Neighborhood,2022-06-01,2850
ST018,Chennai Store 2,Chennai,South,High Street,2023-07-01,3200
ST019,Kolkata Store 1,Kolkata,East,High Street,2024-08-01,3550
ST020,Kolkata Store 2,Kolkata,East,Mall,2020-09-01,3900
ST021,Bhubaneswar Store 1,Bhubaneswar,East,Mall,2021-10-01,4250
ST022,Bhubaneswar Store 2,Bhubaneswar,East,Neighborhood,2022-11-01,4600
ST023,Patna Store 1,Patna,East,Neighborhood,2023-12-01,4950
ST024,Patna Store 2,Patna,East,High Street,2024-01-01,2500
